key,value
"Account ","0000 0000 0000 0000 "
"Statement Period ","21 Sep 2018 - 22 Oct 2018 "
"Credit limit ","$6,000.00 "
"Available credit ","$2,414.36 "
"Lock, Block, Limit controls* ","Off "
"Purchase Rate ","19.740%p.a. "
"Opening balance at 21 Sep ","$3,668.26 "
"1. Main balance plus instalment/s ","$1,591.06 "
"New transactions and charges ","$67.38 "
"2. Instalment payment ","$403.29 "
"Payments/refunds ","-$150.00 "
"Closing balance at 22 Oct ","$3,585.64 "
"3. Minimum payment ","$71.00 "
"Main balance ","$1,212.77 "
"Payment due by ","16 Nov 2018 "
"Balance in instalment plans ","$2,372.87 "
"Next statement period ","23 Oct 2018 - 21 Nov 2018 "
"Please note your remaining balance is inclusive of interest charged on your instalment plan. ",""
"Main balance ","$3,585.64 - $2,372.87 = $1,212.77 "
"Total monthly instalment/s ","$378.29 "
"Total monthly instalment/s ","$378.29 "
"Minimum on main balance ","$403.29 "
"NetBank ","Visit netbank.com.au to transfer funds between your accounts or to pay via BPAY "
"AutoPay ","Visit commbank.com.au/paymycard to set up a monthly repayment "
"Biller code: ","1818 "
"Only the minimum payment ","$184.67 "
"Ref: ","0000 0000 0000 0000 "
"Amount Paid ","$ "
